class,images,boxes,median_width,median_height,median_area,tiny_rate,elongated_rate,edge_rate
gunyin,236,253,103.0,33.0,3535.0,0.0,0.14624505928853754,0.011857707509881422
huashang,60,153,28.0,404.0,12390.0,0.006535947712418301,0.8888888888888888,0.2679738562091503
jiaza,113,220,24.0,125.0,3126.0,0.0,0.509090909090909,0.07727272727272727
jieba,604,1190,41.0,74.0,3133.5,0.0016806722689075631,0.07394957983193277,0.047058823529411764
mamianmakeng,309,2436,62.0,53.0,3264.0,0.0,0.0008210180623973727,0.04967159277504105
qilie,28,69,41.0,183.0,6960.0,0.0,0.4492753623188406,0.11594202898550725
yanghuatiepi,358,492,40.0,34.5,1406.0,0.0,0.008130081300813009,0.04878048780487805
yiwuyaru,464,603,65.0,87.0,6142.0,0.0,0.1011608623548922,0.05970149253731343
zonglie,296,473,46.0,693.0,31140.0,0.0,0.9323467230443975,0.47357293868921774
