image_id,x,y,mean,std,local_contrast_median,laplacian_variance,gradient_mean,noise_mad
0001441826-Raw01-f_00001.jpg,2062,1113,86.04792380434225,22.05413954399876,9.173447722882527,1189.740478515625,40.6352424621582,22.0
0001406455-Raw01-f_00001.jpg,923,919,55.61441380858442,6.017547277319974,2.277875828965134,76.2788314819336,11.264037132263184,6.0
0001500064_Raw00_f_00003.jpg,1203,1438,59.59130961643455,10.198942949096157,3.300878760159594,99.65494537353516,13.725470542907715,7.0
0001469969_Raw02_f_00001.jpg,1968,543,81.67835041936718,8.734868405315673,4.373570504626447,215.13006591796875,19.654409408569336,10.0
0001472015_Raw12_f_00011.jpg,821,277,29.559423348735812,12.238959800167066,3.2237826339189466,122.96509552001953,15.508578300476074,7.0
0001469828_Raw12_f_00001.jpg,487,161,29.0325069006778,8.257585797816978,2.3742364358445975,68.3062744140625,11.324671745300293,5.0
0001473148_Raw01_f_00006.jpg,1837,876,91.97177094885984,17.165923949834212,6.878409560147952,698.236572265625,30.966012954711914,17.0
0001441829-Raw01-f_00010.jpg,966,750,92.35832399609643,24.021827116995084,11.403917956653842,1787.1290283203125,53.194278717041016,28.0
0001507176_Raw02_f_00001.jpg,2008,462,91.36752458277294,18.96024402009268,6.811960536290657,873.2167358398438,35.623695373535156,17.0
0001500035_Raw00_f_00000.jpg,54,1037,18.29332779123143,25.117903808094916,2.7605163774165726,52.46394729614258,7.947982311248779,2.0
0001499748_Raw13_f_00007.jpg,1920,611,45.67536662525943,25.515798069314503,3.3462905791722113,82.2108383178711,12.622105598449707,5.0
0001499680_Raw00_f_00002.jpg,87,1298,11.99590715140401,11.616519657408436,1.6486387113069412,19.72818374633789,7.122369289398193,2.0
0001420781-Raw01-f_00009.jpg,1050,1335,100.9835995951856,14.83380593538833,8.419087694519565,355.4993591308594,34.85124969482422,12.0
0001473071_Raw00_f_00001.jpg,1706,1200,84.51392405544892,12.450752132261965,4.669147444435764,314.5841369628906,19.988473892211914,12.0
0001428810-Raw00-f_00008.jpg,2293,597,57.80983425057022,8.304108128975901,4.094796059535835,230.30377197265625,19.573007583618164,10.0
0001513691_Raw01_f_00002.jpg,328,1320,125.21479180022561,10.234233062933393,4.4639433824409025,201.43743896484375,19.36802864074707,9.0
0001472015_Raw12_f_00012.jpg,1437,354,42.89172641547121,11.979754602331434,3.4776472895243624,127.93325805664062,16.18315887451172,7.0
0001498687_Raw10_f_00002.jpg,1019,158,1.7671351771919044,2.2392441437931025,0.5819761821232257,8.370697975158691,3.3145737648010254,2.0
0001470142_Raw13_f_00009.jpg,2505,987,22.92940002625206,27.02390265790537,1.601431977204515,33.12373352050781,7.821551322937012,3.0
0001469133_Raw02_f_00003.jpg,585,258,71.85005174319396,13.87604425911016,2.282884854247671,71.87781524658203,10.910984992980957,5.0
0001469158_Raw02_f_00011.jpg,2587,1453,137.5241067165329,14.94766155517978,5.931786010930471,433.64984130859375,26.72745704650879,14.0
0001417541-Raw00-f_00005.jpg,2482,56,38.804230481687284,11.122592729565618,5.844890961189204,183.6177978515625,22.07954216003418,8.0
0001469763_Raw12_f_00003.jpg,502,294,31.478968864674428,11.63603429101716,3.1659759724073657,121.37447357177734,15.863462448120117,7.0
0001441827-Raw03-f_00011.jpg,42,902,16.634725390118952,36.3671834754499,0.3334659775884934,216.53553771972656,10.612781524658203,1.0
0001469809_Raw12_f_00009.jpg,275,1233,28.774539970666176,6.762189165777217,2.265863865891328,67.74970245361328,11.460367202758789,5.0
0001472031_Raw02_f_00002.jpg,591,1233,68.78748242728845,10.512259219081082,3.515022352291552,168.28048706054688,15.937731742858887,8.0
0001469789_Raw00_f_00001.jpg,2092,1371,140.95334504530382,31.585902555439105,9.798689928094465,876.6452026367188,39.600982666015625,13.0
0001441829-Raw01-f_00007.jpg,1336,832,89.38648836824413,25.85521405761578,13.083868950662,1665.43212890625,54.30149459838867,25.0
0001432313-Raw01-f_00001.jpg,1178,1028,67.98285340886825,10.595413302009922,4.816109393715077,311.1898193359375,22.885059356689453,11.0
0001498757_Raw03_f_00004.jpg,1304,410,63.123263416610705,39.61235470897,6.665371358807073,425.95599365234375,25.555585861206055,9.0
0001469763_Raw11_f_00006.jpg,514,713,12.365534277012515,10.212708985094492,1.919119595334934,44.487709045410156,8.127321243286133,3.0
0001507356_Raw00_f_00011.jpg,1087,314,58.07845704458855,12.129071686536532,4.904489198956501,307.1195983886719,22.758962631225586,11.0
0001410231-Raw02-f_00002.jpg,819,645,54.10875106767896,8.02522296907232,2.7991023147006757,115.88768005371094,12.473185539245605,7.0
0001429919-Raw00-f_00011.jpg,1031,1054,54.818686712081465,10.389999770701245,4.0289711457099395,211.6205291748047,17.801870346069336,9.0
0001472229_Raw00_f_00000.jpg,1400,1214,95.945441843123,27.766726594168233,5.242052718935013,354.6868591308594,23.007699966430664,11.0
0001472291_Raw13_f_00008.jpg,2583,917,16.348909398047837,19.34474797289411,1.2340303928034593,32.15702438354492,6.893386363983154,3.0
0001469693_Raw02_f_00001.jpg,651,842,59.75271128629395,11.91192739804787,2.895732867791156,67.78148651123047,12.949223518371582,5.0
0001470162_Raw12_f_00004.jpg,462,1073,40.05859203345045,7.984104874465879,2.3789503272461032,72.06237030029297,10.490099906921387,5.0
0001513420_Raw00_f_00013.jpg,1354,1065,75.23772288095451,17.58726274651208,10.455191739383908,288.4328918457031,30.985746383666992,11.0
0001408096-Raw01-f_00005.jpg,2125,540,73.31596306068602,15.607835917322937,4.141001563601185,225.8784942626953,23.71450424194336,7.0
0001469717_Raw02_f_00001.jpg,459,1218,47.143021422062766,7.349203265037155,2.3172157098318182,34.58464431762695,9.34403133392334,4.0
0001469839_Raw00_f_00000.jpg,464,855,0.7892539658685153,1.9749668035064003,0.37076183567836396,2.469982147216797,1.7812235355377197,1.0
0001508743_Raw02_f_00007.jpg,905,1186,56.99042227772779,13.323445819573818,5.269683387452504,418.72796630859375,27.0996150970459,11.0
0001499787_Raw03_f_00011.jpg,1614,982,41.900828556916565,48.03333472122428,1.0094417359129602,249.34886169433594,17.237865447998047,3.0
0001470204_Raw12_f_00004.jpg,423,41,38.909261080557684,8.727406643823594,2.4820137249253222,76.8823013305664,10.955412864685059,5.0
0001499705_Raw02_f_00006.jpg,1687,938,74.19017906569293,10.233902041931305,3.7844219078922934,207.16531372070312,18.555692672729492,8.0
0001470161_Raw13_f_00004.jpg,2432,570,25.072965037199932,26.50362555764461,1.873058535918269,44.10026168823242,8.174809455871582,3.0
0001508767_Raw01_f_00014.jpg,199,587,28.71007641632726,35.02424728835447,0.38594606673280274,227.7001190185547,12.582599639892578,1.0
0001469769_Raw13_f_00001.jpg,1248,1419,51.54085001512347,16.1154960473121,4.1551810826014055,179.9185333251953,18.801219940185547,7.0
0001507157_Raw01_f_00003.jpg,2194,710,78.02656023801869,7.120539795137684,2.562162559747469,73.55106353759766,11.074472427368164,6.0
0001469855_Raw13_f_00001.jpg,112,1120,33.85324289054222,7.913492933087543,3.456151552013951,99.3100814819336,15.312356948852539,6.0
0001508842_Raw00_f_00001.jpg,1501,644,82.2574884956998,9.661047802346678,5.4628888996336435,125.47755432128906,21.196495056152344,7.0
0001498681_Raw13_f_00011.jpg,64,1340,0.7004040534705035,0.8902294257585146,0.5548172915947767,4.376442909240723,2.708291530609131,2.0
0001470045_Raw02_f_00002.jpg,1027,1161,63.47409130771411,16.218839617120015,2.2750274873824203,50.76816940307617,10.849518775939941,4.0
0001499684_Raw00_f_00008.jpg,654,463,52.60124545106939,35.185885777737454,4.083332655159895,119.74651336669922,14.75372314453125,4.0
0001508823_Raw02_f_00010.jpg,1672,950,72.12856994747685,15.962201144803773,6.762557663529786,596.252685546875,32.73883819580078,15.0
0001397868-Raw13-f_00003.jpg,1515,900,25.120620613955825,7.630286569157103,3.877089742984263,144.8848419189453,17.523521423339844,7.0
0001508836_Raw01_f_00001.jpg,543,1332,69.52931527774871,18.977591734679123,8.909756814251114,943.1565551757812,40.18507766723633,19.0
0001397187-Raw13-f_00002.jpg,1325,178,18.19030794809701,6.1597940147252865,2.1953137351124097,71.42066955566406,10.104576110839844,4.0
0001498727_Raw01_f_00001.jpg,2099,181,66.43761806294027,9.443137670933156,2.959987301050187,91.50972747802734,13.137935638427734,6.0
0001470055_Raw02_f_00007.jpg,746,494,90.56111166067117,13.240300738121789,2.263172315573029,58.76979446411133,9.90751838684082,5.0
0001488473_Raw00_f_00001.jpg,2,1018,29.75540450051648,34.213135095185365,1.7462036785624804,149.88018798828125,11.465662956237793,3.0
0001441829-Raw00-f_00010.jpg,1470,49,51.69334548283819,19.343344285052183,7.465879889061226,406.2723083496094,24.16233253479004,8.0
0001469897_Raw00_f_00006.jpg,382,734,32.790172312445186,24.60081102278994,3.2342862643266663,124.6104736328125,12.283613204956055,4.0
0001473234_Raw02_f_00007.jpg,713,1315,72.68275667572807,9.48775531607952,2.8626755792808347,120.3346939086914,12.760248184204102,7.0
0001501270_Raw00_f_00008.jpg,1140,533,82.99025297095342,15.805813212533614,3.2522639216232885,96.53187561035156,12.8706693649292,6.0
0001498720_Raw00_f_00001.jpg,2584,299,23.610310021629417,37.24913433428007,0.49992274641225426,266.82684326171875,15.072419166564941,2.0
0001508779_Raw01_f_00007.jpg,1592,836,66.93912470299978,17.57942750838381,6.384100367729866,640.660400390625,28.56101417541504,16.0
0001472298_Raw11_f_00003.jpg,2513,1158,25.02627679184588,4.9837257789610705,1.8951342062175733,47.26641845703125,8.822494506835938,5.0
0001420762-Raw02-f_00003.jpg,896,1180,82.60020202673525,23.70652996449449,5.102123282150824,335.03729248046875,24.04109001159668,7.0
0001469332_Raw13_f_00004.jpg,1977,449,33.951903084236775,22.94365702709681,4.135972464271851,442.1904602050781,20.303321838378906,5.0
0001421035-Raw02-f_00001.jpg,2056,1419,57.94033030039587,7.865713900590909,3.85124009888973,146.05751037597656,17.569040298461914,6.0
0001470134_Raw03_f_00001.jpg,1571,643,25.88646221129866,32.03467977505223,0.6548854254652985,60.838008880615234,10.902080535888672,2.0
0001498757_Raw12_f_00005.jpg,73,1124,19.52416616413626,8.17349576024772,1.4967273903321368,30.484926223754883,7.44678258895874,3.0
0001513551_Raw00_f_00003.jpg,2349,601,78.94722336890044,16.806398855715273,7.583303064252217,846.0211791992188,34.09492111206055,17.5
0001469896_Raw02_f_00008.jpg,967,1341,64.3949622674172,12.721060905983952,5.153075178953417,349.7744140625,26.14903450012207,10.0
0001472441_Raw03_f_00014.jpg,2555,372,2.113251013462742,2.3328705675334063,0.5166547343003342,3.9597485065460205,2.7552812099456787,1.0
0001499712_Raw00_f_00007.jpg,996,536,0.4160533259269546,0.5998779681236587,0.4289832262665518,2.7371997833251953,1.8395074605941772,1.0
0001474140_Raw12_f_00001.jpg,2535,754,35.128119096852984,8.968041835723609,3.7246080571945743,155.15966796875,17.503524780273438,8.0
0001499761_Raw00_f_00004.jpg,648,54,62.09361475670236,30.74989063431405,4.5619241774204085,209.63343811035156,16.448165893554688,7.0
0001517512_Raw02_f_00001.jpg,1334,488,79.14118948471769,16.856316767243726,5.933504400190528,509.86016845703125,26.20049476623535,14.0
0001470178_Raw13_f_00001.jpg,853,840,115.67901956159056,20.209020416269524,10.185049090237667,649.7472534179688,42.95925521850586,13.0
0001501761_Raw00_f_00002.jpg,232,260,40.495995609437806,34.551915237908325,3.596359719080659,114.67630004882812,12.726612091064453,4.0
0001500133_Raw13_f_00007.jpg,2611,1055,7.5957643820397855,10.258096740381292,0.7659541756451393,17.449432373046875,5.2570343017578125,2.0
0001499758_Raw02_f_00001.jpg,1044,1346,70.96148698905974,11.150519288215808,3.784684363089381,207.1222686767578,16.55516815185547,9.0
0001400164-Raw01-f_00008.jpg,1910,809,67.12599182381443,11.21526265613026,5.1314483719316755,371.6203918457031,23.62740135192871,13.0
0001469133_Raw12_f_00005.jpg,2424,948,88.15915930626073,16.801597425375068,4.590805141750427,199.79104614257812,19.155256271362305,9.0
0001406455-Raw01-f_00008.jpg,1069,1074,55.259163491372014,4.981456015214989,2.1289526158083696,61.320213317871094,9.6622953414917,5.0
0001498722_Raw03_f_00000.jpg,2265,141,0.9445344349053499,1.4230675436866362,0.47990818112375366,3.0579335689544678,2.470161199569702,1.0
0001499724_Raw12_f_00013.jpg,21,740,10.674112043038162,6.881595902863048,1.3954288552880805,25.36098289489746,6.871892929077148,3.0
0001500164_Raw01_f_00003.jpg,1372,185,26.505126285732764,6.298504847981915,3.145249095045477,73.94707489013672,12.881698608398438,5.0
0001513324_Raw01_f_00007.jpg,1930,154,87.13885676076193,13.71318260908752,4.91250516713485,251.84593200683594,22.631242752075195,8.0
0001489142_Raw01_f_00009.jpg,487,976,66.99682882704647,11.961635927265425,4.8494922933041185,354.5329284667969,21.57616424560547,12.0
0001484839_Raw01_f_00006.jpg,1602,999,75.32324658104943,14.165416523245446,6.761142352959156,523.76806640625,30.901426315307617,13.0
0001470039_Raw10_f_00010.jpg,2384,1391,14.650123270550322,9.641090127359403,2.649530036622928,49.35145568847656,11.08110237121582,3.0
0001507084_Raw01_f_00001.jpg,2196,1222,74.6817979047811,10.169696676504971,4.052524663722225,233.66127014160156,18.12828826904297,10.0
0001473149_Raw00_f_00004.jpg,1974,1285,79.72341122713169,11.273504859124914,4.641276039416799,335.11517333984375,21.04941177368164,12.0
0001499712_Raw00_f_00001.jpg,1571,896,78.40663730113587,9.875427703475378,3.9741927542728575,204.1031951904297,17.326295852661133,9.0
0001469981_Raw13_f_00010.jpg,2101,590,26.267309715355363,18.233793700158348,2.5025847784171864,48.992271423339844,9.846184730529785,4.0
0001473123_Raw12_f_00009.jpg,1597,338,41.60123023248293,7.26351512850982,3.156541846955684,115.93323516845703,14.977728843688965,7.0
0001508792_Raw01_f_00009.jpg,2416,1211,69.72885757876094,14.637445569602432,6.083302750179824,528.4182739257812,27.716562271118164,15.0
0001470055_Raw12_f_00002.jpg,1299,1157,59.133492684615724,11.815869764677304,4.010071554790077,109.82979583740234,16.812368392944336,6.0
0001481543_Raw13_f_00000.jpg,468,1462,15.20844184502533,28.131961731902383,0.5772248502003359,145.64971923828125,9.810569763183594,2.0
0001472114_Raw01_f_00011.jpg,573,155,71.62276167883836,17.123746572528457,7.3459145942395585,827.2606201171875,34.74864196777344,16.0
0001472441_Raw00_f_00024.jpg,470,44,39.75967949656916,29.019133170089194,4.1204382062142955,141.66390991210938,13.483257293701172,4.0
0001473056_Raw13_f_00003.jpg,752,673,97.38611408613339,18.963891219088268,7.633737355449234,579.1603393554688,32.06517791748047,16.0
0001473164_Raw03_f_00012.jpg,2010,297,12.621432906008108,35.51245007560822,0.5376559177568992,80.01688385009766,7.698233604431152,1.0
0001473148_Raw03_f_00013.jpg,2637,485,2.243353282363751,2.4075034319872617,0.5018305647287771,3.976991891860962,2.834733247756958,1.0
0001469927_Raw00_f_00004.jpg,1333,814,75.87015359358385,16.227704594627795,4.141136027163514,297.23760986328125,19.504165649414062,11.0
0001500048_Raw02_f_00002.jpg,807,994,80.38966144352098,31.527005555892313,15.499737048228235,688.3326416015625,49.05842971801758,9.0
0001472015_Raw13_f_00006.jpg,1875,727,48.25023493692847,27.830527796366724,6.01735851373355,297.49261474609375,23.215940475463867,8.0
0001499758_Raw00_f_00002.jpg,637,1437,52.92729795899732,25.400362200140325,3.5089605612226493,119.9596939086914,13.210716247558594,6.0
0001441830-Raw03-f_00001.jpg,2709,621,2.511439145628556,2.5867213426529685,0.5230762362043264,4.092986583709717,2.9074976444244385,1.0
0001476637_Raw13_f_00008.jpg,1743,161,34.62584011353066,15.315870061738568,3.862468296936762,194.7233123779297,17.93118667602539,6.0
0001470016_Raw13_f_00008.jpg,2018,1310,23.8033349629903,14.76847182029269,2.3920863960986356,51.280250549316406,9.406463623046875,4.0
0001508794_Raw02_f_00003.jpg,2665,709,35.68535810285101,38.858661872728675,3.816768779522012,408.3221740722656,19.113800048828125,3.0
0001513327_Raw00_f_00001.jpg,1083,320,96.5313702625016,24.232959722695586,6.698372903056251,532.0810546875,29.267316818237305,11.0
0001472267_Raw13_f_00001.jpg,185,289,54.49041561959621,37.16356706670745,8.74492155443851,463.7674255371094,30.22149085998535,9.0
0001405806-Raw00-f_00011.jpg,659,1105,37.68028127752424,22.145353752803796,6.312447364725417,298.1319885253906,22.775447845458984,8.0
0001473130_Raw00_f_00007.jpg,1985,958,80.69991563196132,11.416656479594211,4.594658286116989,338.16900634765625,20.862335205078125,12.0
0001408096-Raw00-f_00007.jpg,1716,1218,102.98669752869179,21.7084566014484,6.810117743517381,547.3358764648438,38.250335693359375,11.0
0001498865_Raw13_f_00001.jpg,1006,1102,38.721767144213224,16.138105112923217,6.947918352005965,521.0750122070312,31.615751266479492,12.0
0001498803_Raw13_f_00011.jpg,2229,275,33.9449619820687,30.59321708829173,4.133266085808652,250.8205108642578,16.573617935180664,4.0
0001472295_Raw13_f_00010.jpg,1161,738,55.715520865633195,9.299137355252547,4.1309002362868625,200.01022338867188,18.697139739990234,8.0
0001473130_Raw10_f_00001.jpg,2002,1105,22.977000435632036,4.5441536859061475,2.0014353756559338,45.41212844848633,10.101875305175781,4.0
0001469898_Raw13_f_00006.jpg,124,943,30.451507876569654,8.16202470069029,3.5875276475259303,117.42552947998047,16.64789390563965,7.0
0001472575_Raw03_f_00008.jpg,1566,542,83.18102984174573,58.67711895030218,6.715611673304621,624.5093994140625,25.52630043029785,9.0
0001500199_Raw01_f_00001.jpg,914,927,77.60273734812326,41.38421768428234,6.155618187859375,385.2136535644531,25.347131729125977,10.0
0001469948_Raw11_f_00008.jpg,2387,93,16.19923412463642,4.115074457192977,2.0257539241125917,41.99267578125,9.529545783996582,4.0
0001500010_Raw02_f_00006.jpg,2431,398,7.581074165878788,23.786470510693768,0.3952715117091289,130.7660675048828,7.139498710632324,1.0
0001396149-Raw01-f_00015.jpg,262,74,93.37603700399298,9.359416131585903,4.177077090977001,178.50611877441406,18.736980438232422,9.0
0001441823-Raw00-f_00002.jpg,2561,376,71.89903038581019,13.270453375541317,5.870759455767672,506.14569091796875,27.312915802001953,15.0
0001428815-Raw00-f_00011.jpg,532,1129,33.33384585093775,22.590292064040824,3.5513131803647413,137.14944458007812,12.565943717956543,5.0
0001483149_Raw01_f_00001.jpg,447,1148,62.2787750179294,11.216636958225752,4.4053830672120515,292.06866455078125,19.61931800842285,11.0
0001498728_Raw02_f_00009.jpg,2418,811,41.84436189418136,39.693425112148425,2.2258433653779615,88.28031921386719,9.017561912536621,2.0
0001470105_Raw12_f_00002.jpg,2400,311,55.180542846979016,9.451756992352061,3.0353466606436483,70.98621368408203,12.887735366821289,5.0
0001498744_Raw00_f_00005.jpg,2512,1351,66.99034238014887,15.99174426712982,6.073442211409531,535.2426147460938,27.724416732788086,14.0
0001498692_Raw01_f_00001.jpg,1763,582,77.24488037239881,18.341641119470154,8.82049886069051,885.1873779296875,41.92888641357422,16.0
0001473126_Raw01_f_00010.jpg,1273,753,88.04742920028231,14.2144494021632,5.703425107551987,494.2046813964844,25.476730346679688,15.0
0001500153_Raw03_f_00009.jpg,1083,1176,0.28290876647649776,0.7902786727843583,0.3284444340752354,1.7571829557418823,1.1572037935256958,0.0
0001473130_Raw12_f_00007.jpg,1079,694,44.62362152897334,8.76411822014628,2.6806201029508436,97.56877899169922,13.041516304016113,6.0
0001469968_Raw00_f_00001.jpg,986,280,54.55821917808219,9.753477259420546,2.959234391895082,102.90955352783203,12.50754165649414,7.0
0001470044_Raw11_f_00007.jpg,1135,1203,26.202508974210204,4.255423900588365,1.6447201584686808,26.937349319458008,7.185853004455566,3.0
0001470142_Raw13_f_00003.jpg,1476,228,74.4540579409633,9.77472632732281,3.3806035218542205,99.2574234008789,14.061317443847656,6.0
0001472267_Raw11_f_00007.jpg,1762,1077,28.920499531077304,5.4621103730303044,2.195456128618595,60.072601318359375,10.352033615112305,5.0
0001498759_Raw13_f_00002.jpg,777,1191,66.82169428523055,16.975344533902593,6.123877686847191,455.1192626953125,27.510549545288086,14.0
0001499666_Raw13_f_00013.jpg,2169,800,5.304193861963616,9.931593171081152,0.5562489492853886,12.617549896240234,4.110160827636719,1.0
0001469824_Raw00_f_00001.jpg,339,947,33.40363067914844,25.28108568698414,2.9775550219192146,98.90485382080078,11.152425765991211,4.0
0001500036_Raw13_f_00001.jpg,1776,412,46.18604959737327,20.929005309817427,4.870155483645275,197.13084411621094,19.083311080932617,7.0
0001469242_Raw01_f_00002.jpg,2424,1366,71.98808337122128,9.100954923645224,3.49440388646979,185.58010864257812,15.789254188537598,9.0
0001507282_Raw03_f_00001.jpg,2370,805,1.599335042887879,1.8082041894575709,0.5228955558250854,3.5695269107818604,2.5282299518585205,1.0
0001469955_Raw12_f_00002.jpg,1470,585,24.64817957171093,7.088484622669123,3.4276916301978315,111.1929931640625,16.010543823242188,7.0
0001499673_Raw13_f_00001.jpg,920,689,24.249585769099802,12.136390514114442,4.261929819045606,149.01007080078125,17.94208526611328,6.0
0001473096_Raw01_f_00005.jpg,2535,1298,91.0449010126067,17.45656141431498,6.5068072252929365,711.453125,28.788654327392578,18.0
0001472229_Raw02_f_00005.jpg,2134,982,104.254765795466,11.30163217678172,4.599372329178994,295.75482177734375,20.397510528564453,11.0
0001473120_Raw00_f_00008.jpg,292,270,39.059844237767585,32.00519918871509,3.820547437005198,119.67041015625,12.982649803161621,4.0
0001498729_Raw02_f_00002.jpg,2471,744,75.71756966783532,6.935368544415668,2.481654799787721,78.55964660644531,11.086655616760254,6.0
0001500152_Raw03_f_00004.jpg,1224,1316,54.07811557755487,33.715558152811106,5.462828940008797,150.08421325683594,23.51020050048828,5.0
0001430517-Raw02-f_00009.jpg,1134,242,85.27535987201169,16.41833684714735,5.603742712803038,170.66273498535156,23.700796127319336,7.0
0001441829-Raw02-f_00010.jpg,1217,1130,61.43014811489272,17.594082231692262,10.323733769495803,464.6661682128906,29.448894500732422,7.0
0001420760-Raw01-f_00006.jpg,1125,937,99.13682507946956,19.612049159255104,9.119035611582934,554.379638671875,36.01906204223633,10.0
0001498739_Raw02_f_00006.jpg,2460,1305,72.70418064081663,8.363564660564313,3.4724724898238035,173.64051818847656,16.04414939880371,9.0
0001507564_Raw00_f_00008.jpg,467,1466,29.337290007285898,20.062824536721465,2.5142331625513963,64.0909652709961,9.760157585144043,3.0
0001508782_Raw01_f_00004.jpg,841,1113,84.26631955607384,25.073852582626447,9.655679823250669,1531.1776123046875,43.50108337402344,25.0
0001472227_Raw12_f_00009.jpg,1047,1201,55.992625168117826,13.439270809137458,3.029725381297985,95.6507568359375,13.446885108947754,6.0
0001469242_Raw01_f_00010.jpg,1605,940,77.34300791556728,12.298881527862077,3.8712751983476115,227.97488403320312,17.218111038208008,10.0
0001500191_Raw03_f_00008.jpg,1117,1176,0.3856865389700441,0.7353315845736516,0.3798910067165653,1.7922953367233276,1.4780278205871582,1.0
0001418444-Raw02-f_00006.jpg,2679,143,54.82707738460982,34.44229640995249,5.184548105936138,280.6542663574219,19.771629333496094,8.0
0001421035-Raw03-f_00008.jpg,140,851,67.26419941674767,10.883365774530084,6.2901144418304025,381.7536926269531,28.517810821533203,10.0
0001500034_Raw00_f_00003.jpg,303,1032,35.58506191111204,29.176479537790396,3.541057513275159,128.5406036376953,11.977087020874023,4.0
0001400160-Raw00-f_00000.jpg,1839,1172,39.32397612203785,27.535714833874067,3.902960337630457,167.66419982910156,14.320642471313477,5.0
0001476517_Raw12_f_00001.jpg,765,884,31.356287083414976,7.979116181805017,3.0146191290863213,87.41385650634766,12.833358764648438,5.0
0001499689_Raw02_f_00042.jpg,987,858,63.87004468557449,6.936822424129952,2.8454178131063914,69.93473052978516,13.218522071838379,5.0
0001469693_Raw13_f_00002.jpg,275,1099,28.040023931227207,10.142014576539708,4.088079361666777,121.67150115966797,16.655550003051758,6.0
0001507157_Raw01_f_00005.jpg,921,908,94.6171379355607,8.662125112869296,3.3206748892710696,124.25102996826172,14.749282836914062,7.0
0001499782_Raw02_f_00009.jpg,2393,746,39.95427290349704,10.9804634593896,5.205686137804696,257.76806640625,22.340818405151367,9.0
0001498746_Raw03_f_00002.jpg,201,996,86.50933945627796,18.040451516751897,7.6187049969502905,774.1162109375,37.692848205566406,17.0
0001469821_Raw00_f_00002.jpg,2623,84,86.64340283788592,18.248254993653276,5.228757805680415,374.8392333984375,22.071409225463867,12.0
0001404449-Raw13-f_00009.jpg,1317,1366,31.16483346110605,10.316671808860493,5.050390493104363,199.46470642089844,20.905344009399414,7.0
0001513551_Raw01_f_00003.jpg,101,1095,82.16428796989764,17.86813578665014,8.251774254337715,1032.5679931640625,38.867855072021484,20.0
0001469713_Raw02_f_00005.jpg,294,834,54.729410679262585,7.431213889252265,2.1274105794527687,51.25602340698242,9.82929801940918,5.0
0001406531-Raw01-f_00004.jpg,364,306,35.60741325881299,8.741769469771546,4.439226612556521,233.31436157226562,20.343399047851562,10.0
0001470154_Raw02_f_00001.jpg,275,1133,67.39679610708558,8.538943723923788,2.7187967043526196,93.88933563232422,12.056717872619629,6.0
0001420781-Raw02-f_00007.jpg,491,256,65.0638296050967,15.958895556818076,3.1071287940240206,87.3060302734375,14.946579933166504,5.0
0001405587-Raw01-f_00005.jpg,2476,876,23.811385595227453,7.010375120626047,3.2372528027038663,112.11076354980469,13.148921966552734,5.0
0001513419_Raw01_f_00007.jpg,1576,779,90.37029817015521,12.513177929605144,4.08698173942763,205.15115356445312,18.07773780822754,9.0
0001498746_Raw03_f_00007.jpg,1072,978,87.64344135993288,16.460040383204483,6.617119130293997,620.2772216796875,36.31926727294922,14.0
0001470198_Raw11_f_00009.jpg,17,398,19.5158392194387,4.113774097850688,1.5440306960588686,32.76202392578125,7.439598560333252,4.0
0001473113_Raw03_f_00001.jpg,2241,1414,66.25906171707507,72.52985826807148,5.603628969403743,1075.888427734375,28.137168884277344,3.0
0001428303-Raw01-f_00001.jpg,1708,676,66.70634786264465,8.492412457532211,4.156290785744972,205.0576934814453,19.217510223388672,9.0
0001500030_Raw11_f_00000.jpg,913,1189,2.605656463238553,3.2447124928541062,0.5911745038719101,12.236122131347656,4.01773738861084,2.0
0001424882-Raw00-f_00002.jpg,2157,1438,54.99376608652147,10.003077064469958,4.18128884082625,252.50070190429688,19.108667373657227,10.0
0001469912_Raw12_f_00001.jpg,2486,20,23.99340226718892,15.3144457893457,3.306563861739356,105.23934173583984,14.265995979309082,5.0
0001498712_Raw13_f_00007.jpg,1785,324,46.54770123251527,22.03219385171684,6.960933651448439,365.7703552246094,26.74525260925293,10.0
0001508734_Raw13_f_00013.jpg,2102,365,6.718508939968383,8.830465961561886,0.720090192866244,24.501815795898438,5.52902364730835,2.0
0001420762-Raw01-f_00008.jpg,2657,1448,78.79196097193503,14.087352689117061,4.720341041124283,253.32054138183594,20.845497131347656,7.0
0001513508_Raw02_f_00002.jpg,1366,799,87.16137313500978,18.32850845079569,6.756232134673786,660.4991455078125,30.062374114990234,16.0
0001470098_Raw00_f_00007.jpg,1055,541,80.7700561946305,22.516228573882074,3.0063302397399294,113.11511993408203,13.9157133102417,6.0
0001399164-Raw02-f_00005.jpg,2442,289,66.83763290106207,9.49739950786662,4.57059186105154,219.4177703857422,21.637216567993164,10.0
0001470067_Raw02_f_00003.jpg,2165,66,119.1998552331963,12.44459919666013,5.4447370750660395,356.9364929199219,25.07765007019043,12.0
0001499773_Raw03_f_00008.jpg,463,1315,85.2878267478071,21.129828079772654,7.246429269410528,563.7767333984375,31.784175872802734,14.0
0001500133_Raw01_f_00006.jpg,58,407,77.13240645800717,7.957212144846912,3.5254600693809364,135.10133361816406,16.069231033325195,8.0
0001413853-Raw00-f_00005.jpg,1737,1086,60.617501754893254,9.560297439098765,4.6440542214805625,227.7079620361328,20.88050651550293,10.0
0001499673_Raw13_f_00011.jpg,42,165,5.15763174064485,11.389322788443565,0.567998460223508,20.283506393432617,4.817910671234131,2.0
0001498733_Raw11_f_00009.jpg,836,408,8.720218653040959,3.961547463741934,1.1363641905404425,17.118318557739258,5.377512454986572,3.0
0001473126_Raw11_f_00012.jpg,591,1194,16.175596330798804,4.3088784092919905,1.5479453079578105,31.20091438293457,7.397852420806885,4.0
0001498727_Raw01_f_00009.jpg,1874,1120,0.2638698392346573,0.4698317899523053,0.36720215655959526,2.1295900344848633,1.59557044506073,1.0
0001500201_Raw01_f_00006.jpg,1876,1462,63.791865380188824,6.214204510233256,2.9790307021954527,84.51829528808594,13.296252250671387,6.0
0001441827-Raw00-f_00002.jpg,2622,865,48.31576569464287,17.26151352034447,9.429348427490229,427.7890930175781,31.748245239257812,10.0
0001470181_Raw13_f_00005.jpg,2310,698,52.15863902083615,51.33266757528766,4.651390328788623,276.4546203613281,19.125015258789062,4.0
0001418444-Raw00-f_00004.jpg,776,1041,45.08495205194104,16.85042485364471,3.1643268077916646,123.90535736083984,13.410479545593262,7.0
0001513462_Raw02_f_00002.jpg,492,1162,55.09883901208546,7.016476147237459,2.2767365387196796,69.71198272705078,10.235847473144531,5.0
0001508813_Raw00_f_00004.jpg,2598,870,62.137363436965565,15.49883531872699,6.163535174134831,534.4020385742188,28.388803482055664,14.0
0001418441-Raw00-f_00005.jpg,986,838,50.587989111101386,8.40823569104495,2.8905773754036934,119.52818298339844,13.146531105041504,7.0
0001499765_Raw00_f_00012.jpg,2276,1072,75.9444416966441,10.361457357280155,4.298672441938854,277.1457824707031,19.486825942993164,11.0
0001473111_Raw00_f_00000.jpg,1175,826,11.857350482143842,25.779842297336234,0.42257960782900356,33.51676940917969,4.95830774307251,1.0
0001499711_Raw00_f_00007.jpg,708,1444,5.554120622516279,20.20342149600275,0.4304422460778229,60.76774597167969,5.276082992553711,1.0
0001469881_Raw12_f_00001.jpg,2047,967,33.43210893464188,7.782981125818066,3.024900060560541,108.90279388427734,14.28786563873291,6.0
0001500061_Raw00_f_00008.jpg,1344,475,61.24143716721232,10.301703218771266,3.4511798647368668,92.47400665283203,14.072535514831543,6.0
0001469811_Raw12_f_00005.jpg,1067,183,27.55581464142157,13.181175418075538,3.8415905143555054,128.21267700195312,16.091299057006836,6.0
0001508812_Raw00_f_00008.jpg,1599,893,63.12318209228931,14.663762012375278,5.804064087123331,508.64068603515625,27.396217346191406,15.0
0001473123_Raw12_f_00000.jpg,420,1453,26.642562010984015,14.16711571858049,2.427146363352386,64.67964935302734,10.122085571289062,5.0
0001499779_Raw02_f_00015.jpg,1832,1288,76.4838811390351,9.793148828859408,4.164938802249148,251.3119354248047,20.198699951171875,10.0
0001469789_Raw01_f_00005.jpg,2185,778,103.71092485252238,19.82081172088035,8.586033351420376,873.0616455078125,38.96314239501953,11.0
0001498728_Raw01_f_00009.jpg,592,70,69.45897639787472,7.518055262563283,2.635141614924919,113.47318267822266,14.618077278137207,6.0
0001508802_Raw01_f_00002.jpg,1866,780,70.36082745356904,19.302259552864793,7.933052134928969,904.5634765625,37.40256118774414,19.0
0001500116_Raw13_f_00002.jpg,2193,1454,21.415581549746705,15.99961183541374,1.953074050059883,37.040225982666016,7.8293633460998535,3.0
0001469960_Raw01_f_00008.jpg,1467,107,71.74600702337766,13.151762204634416,8.654620152751708,530.2463989257812,43.803096771240234,14.0
0001469763_Raw12_f_00002.jpg,617,347,31.00487945928362,10.358717014962718,4.600149080738586,202.73419189453125,21.541187286376953,9.0
0001470125_Raw13_f_00007.jpg,1043,240,78.72293992653228,9.45951473352545,4.92580436509193,164.2933807373047,20.282533645629883,7.0
0001500085_Raw13_f_00009.jpg,809,1481,35.84535300462455,7.641762642206048,2.8988649672874187,59.524986267089844,11.589858055114746,5.0
0001470204_Raw10_f_00003.jpg,146,299,1.5630482257981673,1.4461805988925671,0.5935148438002213,5.828815460205078,2.840834617614746,2.0
0001473149_Raw02_f_00007.jpg,1638,743,83.85821556366791,13.53365253373881,6.107840483068344,563.4890747070312,28.179290771484375,16.0
0001472494_Raw10_f_00012.jpg,2087,1455,20.022885424969516,5.549575362933498,2.6975464377457428,49.97960662841797,11.763869285583496,4.0
0001500139_Raw13_f_00002.jpg,1891,768,30.21231592644096,16.02052746125615,2.4422126549231873,54.18268966674805,9.727585792541504,4.0
0001499654_Raw10_f_00008.jpg,2082,1288,2.955418577708956,2.327145306561243,0.9302056411904911,10.504138946533203,5.00202751159668,2.0
0001508823_Raw02_f_00009.jpg,2155,931,87.7496176330152,19.295690847364156,8.878591229636804,1065.7176513671875,42.24794387817383,20.0
0001498838_Raw01_f_00007.jpg,64,646,34.4460206249893,35.59303595464239,10.715750148116616,671.2742919921875,33.4241943359375,4.0
0001508766_Raw00_f_00011.jpg,914,236,44.42686708276818,13.085503696055836,6.226412720404433,290.1905822753906,29.2725830078125,10.0
0001508767_Raw01_f_00004.jpg,1755,748,55.25818617277281,10.617769120018629,5.872984839701589,311.46575927734375,25.762737274169922,11.0
0001470204_Raw11_f_00001.jpg,2486,801,29.673277874267843,4.85288413520522,2.0432762864474974,53.091285705566406,9.433480262756348,5.0
0001508790_Raw01_f_00014.jpg,1699,822,0.24295902585828072,0.4513691110438776,0.3579301561097229,1.9712048768997192,1.4790778160095215,1.0
0001470049_Raw03_f_00006.jpg,1949,185,0.6579047240394694,0.9350083341482838,0.4795299755985632,2.6337218284606934,2.269296407699585,1.0
0001472187_Raw10_f_00003.jpg,1975,1303,2.9363577737490796,2.3007451679241067,0.8773371636185492,10.374134063720703,4.848241806030273,2.0
0001420758-Raw01-f_00007.jpg,387,767,104.40685939738202,25.205758796648812,13.911497824853992,1601.8912353515625,52.68574523925781,12.0
0001513348_Raw02_f_00003.jpg,1801,1342,98.75301090221488,14.120103945405257,5.529655391030186,406.443115234375,24.944732666015625,13.0
0001473121_Raw00_f_00011.jpg,190,712,32.66946228929392,30.200409448150197,3.489634088303506,94.58435821533203,11.786685943603516,3.0
0001406455-Raw01-f_00006.jpg,2430,90,51.93115016369492,5.795311572891744,2.2814738507256576,91.51750183105469,11.083305358886719,6.0
0001473068_Raw00_f_00001.jpg,271,876,39.60661190511972,39.181593932283384,4.001681683676075,108.49989318847656,12.218441009521484,3.0
0001396894-Raw00-f_00003.jpg,980,360,73.75041375531937,21.109679321555006,7.194639117691951,743.1487426757812,31.974348068237305,16.0
0001498743_Raw00_f_00005.jpg,1396,65,65.53105923264083,10.697316309831143,3.8223996247523875,215.84707641601562,17.20020866394043,9.0
0001508883_Raw00_f_00004.jpg,2008,1228,99.13750373330949,14.528155106448764,4.9112488712668725,280.9473571777344,21.58144760131836,11.0
0001498755_Raw00_f_00002.jpg,1975,1129,72.79011001135687,17.316462599599184,6.195278401430917,612.763427734375,28.78888702392578,16.0
0001508795_Raw01_f_00006.jpg,1606,317,83.86229842506653,22.423429035151194,9.310538458581696,1198.847412109375,41.96278381347656,21.0
0001470124_Raw13_f_00003.jpg,1232,1346,80.62069528014564,11.046146659009827,6.7296102706965755,191.3143768310547,24.670310974121094,8.0
0001441830-Raw01-f_00007.jpg,2081,961,96.52770781455392,22.94985493790898,10.998484311064562,1843.7750244140625,52.21479034423828,29.0
0001432633-Raw01-f_00001.jpg,2486,850,53.66541129181069,6.223443348943393,2.523512867551499,82.56837463378906,11.476394653320312,6.0
0001507282_Raw03_f_00002.jpg,2033,1080,1.0254055277710667,1.1836576127049323,0.4836356010776157,3.084113597869873,2.3446896076202393,1.0
0001469332_Raw02_f_00001.jpg,31,173,37.82907625082513,17.249954285656674,4.180031931439412,102.23395538330078,14.366127967834473,6.0
0001483864_Raw01_f_00005.jpg,641,895,88.57804281368836,19.98883597912218,8.289548365245532,1083.1724853515625,37.74435043334961,21.0
0001420782-Raw01-f_00001.jpg,1164,625,119.42914511492886,62.34633113129394,18.644333708558953,1200.4822998046875,66.21092224121094,17.0
0001469763_Raw13_f_00005.jpg,325,1357,37.33751353027453,13.576503174216299,6.190347288684411,334.8898010253906,29.401151657104492,11.0
0001472117_Raw03_f_00001.jpg,555,1385,90.46492353611465,43.26753616095033,7.6582546112783305,802.782958984375,34.07412338256836,15.0
0001473123_Raw01_f_00010.jpg,2639,986,81.13830223351779,12.580710053014045,5.148303380711025,369.48291015625,23.706144332885742,12.0
0001408914-Raw00-f_00000.jpg,2374,111,0.46987528368396325,0.6078072632421331,0.49460649204212315,3.4316928386688232,2.355713367462158,2.0
0001500136_Raw00_f_00007.jpg,1309,387,64.92080200048319,9.307710856224203,2.8016826698538457,97.31299591064453,12.377284049987793,6.0
0001513322_Raw02_f_00004.jpg,899,280,95.502768831574,24.87753945590557,6.549440449947226,470.6560974121094,26.56978988647461,7.0
0001470056_Raw13_f_00007.jpg,2344,1184,28.98796067136794,27.261924015632154,4.43446659708133,93.77375030517578,15.144227981567383,4.0
0001502888_Raw02_f_00003.jpg,1918,489,55.89320547184276,13.052806979179373,7.495341100579463,563.0883178710938,35.65447235107422,14.0
0001500174_Raw02_f_00003.jpg,2532,221,72.63826418705165,13.722864349198963,5.645578415739427,212.090087890625,19.976806640625,9.0
0001499749_Raw12_f_00007.jpg,2631,281,50.38190044000738,9.619902613352023,3.0814663732942744,109.90992736816406,14.577704429626465,7.0
0001507315_Raw02_f_00002.jpg,2047,205,74.021612295096,16.688539752380606,9.602013356059533,981.3399658203125,45.93024444580078,20.0
0001398404-Raw01-f_00003.jpg,561,997,100.49649354256353,22.66319549348463,9.70089712067535,1147.4752197265625,43.25275802612305,23.0
0001472114_Raw01_f_00010.jpg,656,1189,72.99414560002131,17.236380656235173,7.470408468208934,842.8897094726562,34.73975372314453,17.0
0001472031_Raw01_f_00010.jpg,2481,948,69.10589472923282,7.302365936626972,3.2015449584340843,141.4141387939453,14.626471519470215,8.0
0001469798_Raw13_f_00006.jpg,978,214,54.38147431958651,12.716790553308588,8.567692710031192,526.9216918945312,39.41616439819336,12.0
0001441825-Raw01-f_00009.jpg,1780,1094,83.94389525427404,23.33037137560697,11.594878532097633,1436.83984375,50.54044723510742,23.0
0001508805_Raw02_f_00006.jpg,626,763,63.80646951622016,15.751108357566325,5.64085042324276,486.37451171875,26.643030166625977,14.0
0001401415-Raw02-f_00006.jpg,1162,407,56.0966727414191,7.829507168657751,3.444778406277286,107.4113540649414,15.355087280273438,7.0
0001500078_Raw02_f_00003.jpg,2440,159,94.26807968071405,9.535345156579714,4.7829305065046235,204.01541137695312,21.63123893737793,10.0
0001508784_Raw01_f_00002.jpg,2375,1157,68.99550052979704,15.221591471118549,6.562126324038415,585.1421508789062,30.218446731567383,15.0
0001430606-Raw00-f_00013.jpg,1266,583,44.215903232618,30.369167602721582,3.0390193120707316,112.2017822265625,11.891960144042969,4.0
0001408915-Raw13-f_00011.jpg,1188,721,53.12170636498355,6.961455706427636,3.1861343887716993,138.20457458496094,15.386040687561035,7.0
0001499779_Raw01_f_00002.jpg,2116,26,68.02131886172583,7.27081980189281,2.884110120209799,114.14152526855469,12.667649269104004,7.0
0001413853-Raw01-f_00006.jpg,181,1476,59.13835977879785,8.42648884353795,4.238846167093261,178.86593627929688,19.481996536254883,8.0
0001500092_Raw02_f_00012.jpg,2264,778,44.79586121029614,53.69144981422184,0.5366623308080994,1101.7520751953125,33.04199981689453,2.0
0001470051_Raw00_f_00001.jpg,725,388,76.27282930643194,34.75224664048465,4.819881125857011,168.30201721191406,17.01477813720703,7.0
0001404107-Raw01-f_00003.jpg,1542,317,61.78025407430094,7.476370722681109,3.051140822262555,132.52053833007812,13.691088676452637,7.0
0001476563_Raw03_f_00014.jpg,2417,737,6.604883644394899,19.464857483469643,0.49026838176745036,78.32364654541016,6.5259833335876465,1.0
0001508823_Raw02_f_00006.jpg,2083,562,85.57566395839238,19.37057612630863,8.807087602223444,1056.7803955078125,41.594215393066406,20.0
0001498733_Raw13_f_00012.jpg,118,428,54.96801195800431,13.80482487127087,5.071893613843238,303.5984802246094,22.687776565551758,11.0
0001470010_Raw12_f_00007.jpg,1354,701,30.545780837136395,7.603983574887858,3.4327273060422003,117.36678314208984,16.540386199951172,7.0
0001499706_Raw00_f_00007.jpg,2106,624,71.18775265231427,7.548619339827691,3.288626505817917,129.71597290039062,14.24587345123291,7.0
0001499753_Raw02_f_00005.jpg,2186,247,64.2600395112551,19.533786536616525,7.060021851523121,480.8081359863281,29.762134552001953,12.0
0001506189_Raw01_f_00001.jpg,1343,1401,70.85959522364664,16.354476310380964,7.686394566349617,761.9879760742188,34.982086181640625,17.0
0001470045_Raw01_f_00004.jpg,359,587,70.89068203997542,6.475129623768219,2.829728453527518,107.77991485595703,13.278233528137207,6.0
0001473120_Raw01_f_00010.jpg,46,1409,77.15903470408409,10.797810669770474,3.53045224872369,163.5638885498047,15.154841423034668,8.0
0001417541-Raw03-f_00006.jpg,368,1102,0.1530728228385327,0.4251048796987451,0.2292718357016319,1.0295014381408691,0.8181052803993225,0.0
0001498692_Raw02_f_00006.jpg,2267,388,94.21089964673857,30.59596607011105,19.92726167656282,4090.64599609375,98.30741119384766,39.0
0001470040_Raw10_f_00003.jpg,1509,675,2.9526749519187785,3.694941709751932,0.9333033076948682,12.287421226501465,4.8061933517456055,2.0
